{
    "MAE": 159.2189952864355,
    "RMSE": 251.56097723214097,
    "R2": 0.9902432851324718,
    "MAPE": 2.8369101941337926,
    "train_size": 336,
    "test_size": 30,
    "last_trained": "2025-10-27 22:49:11"
}