{
    "MAE": 1387.6967192549648,
    "RMSE": 2006.8833133762541,
    "R2": 0.37904330936111796,
    "MAPE": 29.380918044986426,
    "train_size": 336,
    "test_size": 30,
    "last_trained": "2025-10-27 23:07:34"
}