{
    "MAE": 5659.4850333335635,
    "RMSE": 5660.820366091979,
    "R2": 0.5232880445694593,
    "MAPE": 3.043679705181707,
    "train_months": 10,
    "test_months": 2,
    "last_trained": "2025-10-27 22:58:38"
}